,event_id,team1_id,team2_id,game_clock,ball_x_loc,ball_y_loc,team1_player1,team1_player1_x_loc,team1_player1_y_loc,team1_player2,team1_player2_x_loc,team1_player2_y_loc,team1_player3,team1_player3_x_loc,team1_player3_y_loc,team1_player4,team1_player4_x_loc,team1_player4_y_loc,team1_player5,team1_player5_x_loc,team1_player5_y_loc,team2_player1,team2_player1_x_loc,team2_player1_y_loc,team2_player2,team2_player2_x_loc,team2_player2_y_loc,team2_player3,team2_player3_x_loc,team2_player3_y_loc,team2_player4,team2_player4_x_loc,team2_player4_y_loc,team2_player5,team2_player5_x_loc,team2_player5_y_loc,ball_speed,team1_player1_speed,team1_player2_speed,team1_player3_speed,team1_player4_speed,team1_player5_speed,team2_player1_speed,team2_player2_speed,team2_player3_speed,team2_player4_speed,team2_player5_speed
0,1.000,TOR,CHA,711.260,23.425,45.127,Luis Scola,19.088,13.911,DeMarre Carroll,10.119,13.547,Kyle Lowry,20.818,44.510,DeMar DeRozan,14.165,38.796,Jonas Valanciunas,20.891,34.209,Marvin Williams,13.307,22.200,Nicolas Batum,9.140,18.586,Kemba Walker,19.311,42.473,Cody Zeller,16.447,32.532,PJ Hairston,15.492,37.702,0.000,0.000,0.000,0.000,0.000,0.000,0.000,0.000,0.000,0.000,0.000
1,1.000,TOR,CHA,711.220,24.005,44.689,Luis Scola,18.935,13.822,DeMarre Carroll,9.983,13.718,Kyle Lowry,21.229,44.290,DeMar DeRozan,13.597,38.653,Jonas Valanciunas,20.995,34.482,Marvin Williams,13.128,22.149,Nicolas Batum,8.979,18.673,Kemba Walker,19.694,42.274,Cody Zeller,16.465,32.573,PJ Hairston,15.076,37.498,18.159,4.422,5.459,11.644,14.656,7.297,4.654,4.570,10.790,1.118,11.579
2,1.000,TOR,CHA,711.180,24.625,44.301,Luis Scola,18.788,13.737,DeMarre Carroll,9.823,13.866,Kyle Lowry,21.646,44.049,DeMar DeRozan,13.049,38.482,Jonas Valanciunas,21.086,34.786,Marvin Williams,12.966,22.083,Nicolas Batum,8.828,18.743,Kemba Walker,20.062,42.058,Cody Zeller,16.501,32.717,PJ Hairston,14.641,37.256,18.299,4.246,5.453,12.034,14.341,7.938,4.381,4.158,10.675,3.715,12.455
3,1.000,TOR,CHA,711.140,25.254,43.779,Luis Scola,18.647,13.655,DeMarre Carroll,9.659,14.006,Kyle Lowry,22.096,43.852,DeMar DeRozan,12.520,38.244,Jonas Valanciunas,21.232,35.028,Marvin Williams,12.807,21.954,Nicolas Batum,8.690,18.801,Kemba Walker,20.424,41.859,Cody Zeller,16.535,32.856,PJ Hairston,14.191,36.992,20.432,4.090,5.390,12.286,14.518,7.057,5.111,3.742,10.307,3.585,13.046
4,1.000,TOR,CHA,711.100,25.703,43.447,Luis Scola,18.510,13.583,DeMarre Carroll,9.490,14.139,Kyle Lowry,22.549,43.620,DeMar DeRozan,11.967,37.927,Jonas Valanciunas,21.388,35.287,Marvin Williams,12.659,21.831,Nicolas Batum,8.559,18.845,Kemba Walker,20.795,41.626,Cody Zeller,16.568,32.932,PJ Hairston,13.762,36.790,13.955,3.876,5.382,12.733,15.915,7.572,4.821,3.473,10.968,2.063,11.849
5,1.000,TOR,CHA,711.060,25.973,43.149,Luis Scola,18.380,13.518,DeMarre Carroll,9.307,14.272,Kyle Lowry,23.049,43.423,DeMar DeRozan,11.378,37.544,Jonas Valanciunas,21.556,35.545,Marvin Williams,12.517,21.738,Nicolas Batum,8.431,18.875,Kemba Walker,21.162,41.414,Cody Zeller,16.593,33.000,PJ Hairston,13.333,36.588,10.068,3.622,5.659,13.421,17.569,7.691,4.235,3.283,10.592,1.817,11.861
6,1.000,TOR,CHA,711.020,26.227,42.894,Luis Scola,18.251,13.452,DeMarre Carroll,9.129,14.410,Kyle Lowry,23.525,43.178,DeMar DeRozan,10.827,37.160,Jonas Valanciunas,21.718,35.756,Marvin Williams,12.407,21.558,Nicolas Batum,8.312,18.892,Kemba Walker,21.538,41.177,Cody Zeller,16.647,33.084,PJ Hairston,12.969,36.408,8.983,3.626,5.625,13.405,16.796,6.644,5.280,3.011,11.102,2.493,10.134
7,1.000,TOR,CHA,710.980,26.442,42.709,Luis Scola,18.127,13.391,DeMarre Carroll,8.953,14.531,Kyle Lowry,24.029,42.890,DeMar DeRozan,10.323,36.801,Jonas Valanciunas,21.870,35.952,Marvin Williams,12.312,21.375,Nicolas Batum,8.196,18.895,Kemba Walker,21.908,40.937,Cody Zeller,16.678,33.144,PJ Hairston,12.597,36.174,7.078,3.444,5.335,14.506,15.461,6.214,5.148,2.901,11.029,1.680,10.993
8,1.000,TOR,CHA,710.940,26.763,42.458,Luis Scola,18.003,13.330,DeMarre Carroll,8.783,14.642,Kyle Lowry,24.552,42.593,DeMar DeRozan,9.836,36.418,Jonas Valanciunas,22.091,36.197,Marvin Williams,12.236,21.188,Nicolas Batum,8.080,18.876,Kemba Walker,22.281,40.689,Cody Zeller,16.714,33.255,PJ Hairston,12.251,35.980,10.199,3.468,5.074,15.031,15.502,8.241,5.050,2.917,11.196,2.921,9.919
9,1.000,TOR,CHA,710.900,26.976,42.249,Luis Scola,17.884,13.280,DeMarre Carroll,8.624,14.746,Kyle Lowry,25.011,42.234,DeMar DeRozan,9.370,36.037,Jonas Valanciunas,22.298,36.404,Marvin Williams,12.170,21.003,Nicolas Batum,7.966,18.864,Kemba Walker,22.650,40.400,Cody Zeller,16.763,33.422,PJ Hairston,11.938,35.802,7.463,3.227,4.762,14.558,15.056,7.320,4.924,2.874,11.715,4.348,8.995
10,1.000,TOR,CHA,710.860,27.305,42.068,Luis Scola,17.772,13.241,DeMarre Carroll,8.467,14.845,Kyle Lowry,25.487,41.835,DeMar DeRozan,8.912,35.603,Jonas Valanciunas,22.485,36.561,Marvin Williams,12.130,20.860,Nicolas Batum,7.856,18.843,Kemba Walker,23.005,40.079,Cody Zeller,16.811,33.535,PJ Hairston,11.618,35.630,9.389,2.952,4.636,15.529,15.758,6.094,3.692,2.799,11.969,3.080,9.088
11,1.000,TOR,CHA,710.820,27.519,41.781,Luis Scola,17.655,13.204,DeMarre Carroll,8.322,14.955,Kyle Lowry,25.926,41.379,DeMar DeRozan,8.454,35.179,Jonas Valanciunas,22.658,36.703,Marvin Williams,12.124,20.761,Nicolas Batum,7.745,18.809,Kemba Walker,23.357,39.739,Cody Zeller,16.863,33.651,PJ Hairston,11.310,35.462,8.942,3.068,4.553,15.843,15.612,5.587,2.483,2.897,12.234,3.172,8.764
12,1.000,TOR,CHA,710.780,27.917,41.372,Luis Scola,17.542,13.182,DeMarre Carroll,8.179,15.066,Kyle Lowry,26.291,40.909,DeMar DeRozan,7.997,34.719,Jonas Valanciunas,22.817,36.886,Marvin Williams,12.146,20.717,Nicolas Batum,7.638,18.771,Kemba Walker,23.701,39.383,Cody Zeller,16.911,33.748,PJ Hairston,11.022,35.269,14.271,2.878,4.512,14.858,16.211,6.077,1.240,2.845,12.393,2.705,8.678
13,1.000,TOR,CHA,710.740,28.154,41.053,Luis Scola,17.432,13.169,DeMarre Carroll,8.065,15.233,Kyle Lowry,26.627,40.443,DeMar DeRozan,7.566,34.267,Jonas Valanciunas,22.969,37.093,Marvin Williams,12.178,20.656,Nicolas Batum,7.533,18.739,Kemba Walker,24.037,39.006,Cody Zeller,16.967,33.848,PJ Hairston,10.700,35.010,9.936,2.766,5.063,14.361,15.601,6.417,1.719,2.737,12.628,2.869,10.336
14,1.000,TOR,CHA,710.700,28.510,40.298,Luis Scola,17.319,13.154,DeMarre Carroll,7.951,15.400,Kyle Lowry,26.984,39.980,DeMar DeRozan,7.143,33.798,Jonas Valanciunas,23.140,37.250,Marvin Williams,12.229,20.583,Nicolas Batum,7.430,18.702,Kemba Walker,24.354,38.625,Cody Zeller,17.010,33.932,PJ Hairston,10.379,34.682,20.875,2.875,5.055,14.619,15.794,5.808,2.215,2.737,12.383,2.357,11.473
15,1.000,TOR,CHA,710.660,28.910,39.894,Luis Scola,17.206,13.143,DeMarre Carroll,7.844,15.555,Kyle Lowry,27.377,39.522,DeMar DeRozan,6.762,33.291,Jonas Valanciunas,23.305,37.374,Marvin Williams,12.276,20.407,Nicolas Batum,7.338,18.668,Kemba Walker,24.649,38.255,Cody Zeller,17.065,34.016,PJ Hairston,10.046,34.330,14.189,2.821,4.719,15.085,15.855,5.153,4.566,2.462,11.826,2.511,12.124
16,1.000,TOR,CHA,710.620,29.307,39.356,Luis Scola,17.091,13.134,DeMarre Carroll,7.727,15.704,Kyle Lowry,27.775,39.104,DeMar DeRozan,6.440,32.796,Jonas Valanciunas,23.423,37.461,Marvin Williams,12.331,20.239,Nicolas Batum,7.278,18.664,Kemba Walker,24.937,37.882,Cody Zeller,17.123,34.110,PJ Hairston,9.747,34.052,16.722,2.890,4.716,14.437,14.783,3.679,4.423,1.495,11.791,2.765,10.186
17,1.000,TOR,CHA,710.580,29.818,38.800,Luis Scola,16.971,13.130,DeMarre Carroll,7.661,15.886,Kyle Lowry,28.187,38.685,DeMar DeRozan,6.162,32.272,Jonas Valanciunas,23.579,37.557,Marvin Williams,12.388,20.069,Nicolas Batum,7.193,18.643,Kemba Walker,25.231,37.513,Cody Zeller,17.179,34.158,PJ Hairston,9.477,33.799,18.893,2.989,4.855,14.691,14.818,4.578,4.473,2.187,11.775,1.833,9.257
18,1.000,TOR,CHA,710.540,30.363,38.238,Luis Scola,16.852,13.131,DeMarre Carroll,7.602,16.067,Kyle Lowry,28.596,38.262,DeMar DeRozan,5.883,31.757,Jonas Valanciunas,23.665,37.689,Marvin Williams,12.449,19.957,Nicolas Batum,7.120,18.634,Kemba Walker,25.510,37.127,Cody Zeller,17.230,34.210,PJ Hairston,9.225,33.553,19.558,2.989,4.742,14.701,14.629,3.925,3.184,1.839,11.910,1.819,8.809
19,1.000,TOR,CHA,710.500,30.654,37.790,Luis Scola,16.730,13.133,DeMarre Carroll,7.552,16.248,Kyle Lowry,28.954,37.829,DeMar DeRozan,5.625,31.282,Jonas Valanciunas,23.750,37.738,Marvin Williams,12.509,19.843,Nicolas Batum,7.052,18.642,Kemba Walker,25.770,36.715,Cody Zeller,17.278,34.329,PJ Hairston,8.965,33.243,13.371,3.054,4.714,14.052,13.516,2.460,3.233,1.718,12.176,3.216,10.109
20,1.000,TOR,CHA,710.460,30.897,37.584,Luis Scola,16.603,13.138,DeMarre Carroll,7.523,16.429,Kyle Lowry,29.319,37.394,DeMar DeRozan,5.397,30.815,Jonas Valanciunas,23.821,37.782,Marvin Williams,12.591,19.761,Nicolas Batum,6.988,18.663,Kemba Walker,25.996,36.281,Cody Zeller,17.325,34.458,PJ Hairston,8.736,32.914,7.959,3.164,4.563,14.195,12.995,2.090,2.906,1.674,12.252,3.443,10.027
21,1.000,TOR,CHA,710.420,31.084,37.339,Luis Scola,16.477,13.149,DeMarre Carroll,7.496,16.593,Kyle Lowry,29.680,36.955,DeMar DeRozan,5.167,30.346,Jonas Valanciunas,23.866,37.823,Marvin Williams,12.643,19.701,Nicolas Batum,6.940,18.700,Kemba Walker,26.213,35.850,Cody Zeller,17.364,34.601,PJ Hairston,8.480,32.535,7.704,3.166,4.175,14.221,13.070,1.511,1.972,1.509,12.056,3.693,11.432
22,1.000,TOR,CHA,710.380,31.347,37.019,Luis Scola,16.354,13.167,DeMarre Carroll,7.468,16.752,Kyle Lowry,30.010,36.489,DeMar DeRozan,4.905,29.836,Jonas Valanciunas,23.901,37.860,Marvin Williams,12.697,19.650,Nicolas Batum,6.902,18.748,Kemba Walker,26.412,35.400,Cody Zeller,17.407,34.751,PJ Hairston,8.239,32.166,10.354,3.114,4.026,14.276,14.325,1.291,1.868,1.539,12.289,3.912,11.006
23,1.000,TOR,CHA,710.340,31.659,36.672,Luis Scola,16.229,13.187,DeMarre Carroll,7.442,16.909,Kyle Lowry,30.309,36.002,DeMar DeRozan,4.651,29.305,Jonas Valanciunas,23.935,37.886,Marvin Williams,12.752,19.600,Nicolas Batum,6.881,18.820,Kemba Walker,26.596,34.942,Cody Zeller,17.445,34.851,PJ Hairston,8.017,31.835,11.649,3.158,3.968,14.281,14.716,1.062,1.850,1.858,12.352,2.674,9.962
24,1.000,TOR,CHA,710.300,31.907,36.190,Luis Scola,16.101,13.204,DeMarre Carroll,7.422,17.057,Kyle Lowry,30.594,35.520,DeMar DeRozan,4.399,28.717,Jonas Valanciunas,23.977,37.917,Marvin Williams,12.802,19.547,Nicolas Batum,6.871,18.898,Kemba Walker,26.770,34.494,Cody Zeller,17.478,34.903,PJ Hairston,7.802,31.520,13.574,3.226,3.748,13.988,15.992,1.298,1.821,1.968,12.008,1.533,9.536
25,1.000,TOR,CHA,710.260,32.203,35.782,Luis Scola,15.971,13.217,DeMarre Carroll,7.414,17.202,Kyle Lowry,30.837,35.034,DeMar DeRozan,4.196,28.201,Jonas Valanciunas,24.018,37.966,Marvin Williams,12.854,19.498,Nicolas Batum,6.877,18.987,Kemba Walker,26.932,34.049,Cody Zeller,17.508,35.013,PJ Hairston,7.603,31.117,12.582,3.281,3.630,13.599,13.869,1.590,1.777,2.246,11.858,2.844,11.258
26,1.000,TOR,CHA,710.220,32.233,35.188,Luis Scola,15.842,13.234,DeMarre Carroll,7.396,17.307,Kyle Lowry,31.073,34.587,DeMar DeRozan,4.012,27.634,Jonas Valanciunas,24.049,37.988,Marvin Williams,12.880,19.406,Nicolas Batum,6.883,19.077,Kemba Walker,27.071,33.612,Cody Zeller,17.536,35.127,PJ Hairston,7.412,30.691,14.873,3.245,2.676,12.624,14.901,0.952,2.388,2.241,11.436,2.938,11.647
27,1.000,TOR,CHA,710.180,32.581,34.658,Luis Scola,15.708,13.245,DeMarre Carroll,7.372,17.410,Kyle Lowry,31.378,34.117,DeMar DeRozan,3.860,27.075,Jonas Valanciunas,24.084,37.980,Marvin Williams,12.885,19.258,Nicolas Batum,6.900,19.195,Kemba Walker,27.203,33.172,Cody Zeller,17.559,35.244,PJ Hairston,7.215,30.276,15.866,3.363,2.620,13.997,14.488,0.897,3.710,2.996,11.500,2.976,11.507
28,1.000,TOR,CHA,710.140,32.868,33.974,Luis Scola,15.569,13.251,DeMarre Carroll,7.328,17.453,Kyle Lowry,31.608,33.603,DeMar DeRozan,3.720,26.485,Jonas Valanciunas,24.124,37.942,Marvin Williams,12.888,19.135,Nicolas Batum,6.930,19.310,Kemba Walker,27.328,32.722,Cody Zeller,17.573,35.357,PJ Hairston,7.062,29.884,18.542,3.488,1.552,14.088,15.147,1.371,3.081,2.963,11.663,2.853,10.506
29,1.000,TOR,CHA,710.100,32.915,33.197,Luis Scola,15.431,13.258,DeMarre Carroll,7.283,17.485,Kyle Lowry,31.828,33.092,DeMar DeRozan,3.584,25.854,Jonas Valanciunas,24.154,37.938,Marvin Williams,12.879,19.016,Nicolas Batum,6.982,19.439,Kemba Walker,27.454,32.287,Cody Zeller,17.579,35.464,PJ Hairston,6.921,29.540,19.445,3.448,1.372,13.912,16.148,0.771,2.974,3.491,11.345,2.678,9.298
30,1.000,TOR,CHA,710.060,33.063,32.391,Luis Scola,15.289,13.268,DeMarre Carroll,7.254,17.484,Kyle Lowry,31.979,32.574,DeMar DeRozan,3.452,25.198,Jonas Valanciunas,24.135,37.924,Marvin Williams,12.869,18.955,Nicolas Batum,7.041,19.571,Kemba Walker,27.581,31.841,Cody Zeller,17.575,35.559,PJ Hairston,6.790,29.186,20.500,3.550,0.740,13.484,16.727,0.601,1.549,3.605,11.583,2.382,9.446
31,1.000,TOR,CHA,710.020,33.249,31.537,Luis Scola,15.146,13.280,DeMarre Carroll,7.263,17.493,Kyle Lowry,32.125,32.043,DeMar DeRozan,3.379,24.522,Jonas Valanciunas,24.139,37.889,Marvin Williams,12.857,18.892,Nicolas Batum,7.075,19.671,Kemba Walker,27.690,31.401,Cody Zeller,17.563,35.639,PJ Hairston,6.661,28.778,21.858,3.605,0.309,13.759,16.997,0.858,1.601,2.630,11.343,2.022,10.685
32,1.000,TOR,CHA,709.980,33.433,30.720,Luis Scola,15.005,13.293,DeMarre Carroll,7.268,17.484,Kyle Lowry,32.239,31.496,DeMar DeRozan,3.321,23.851,Jonas Valanciunas,24.173,37.879,Marvin Williams,12.845,18.842,Nicolas Batum,7.159,19.805,Kemba Walker,27.788,30.966,Cody Zeller,17.543,35.707,PJ Hairston,6.549,28.359,20.929,3.540,0.271,13.984,16.828,0.876,1.282,3.959,11.148,1.764,10.855
33,1.000,TOR,CHA,709.940,33.762,30.049,Luis Scola,14.868,13.310,DeMarre Carroll,7.275,17.478,Kyle Lowry,32.365,30.926,DeMar DeRozan,3.288,23.180,Jonas Valanciunas,24.253,37.826,Marvin Williams,12.830,18.794,Nicolas Batum,7.232,19.921,Kemba Walker,27.888,30.561,Cody Zeller,17.519,35.765,PJ Hairston,6.465,27.936,18.685,3.437,0.216,14.579,16.805,2.396,1.261,3.433,10.407,1.567,10.759
34,1.000,TOR,CHA,709.900,33.945,29.244,Luis Scola,14.731,13.328,DeMarre Carroll,7.282,17.464,Kyle Lowry,32.500,30.350,DeMar DeRozan,3.268,22.504,Jonas Valanciunas,24.321,37.819,Marvin Williams,12.829,18.765,Nicolas Batum,7.322,20.033,Kemba Walker,27.992,30.175,Cody Zeller,17.489,35.805,PJ Hairston,6.331,27.505,20.633,3.467,0.391,14.801,16.900,1.711,0.730,3.587,9.999,1.250,11.304
35,1.000,TOR,CHA,709.860,34.044,28.602,Luis Scola,14.600,13.348,DeMarre Carroll,7.301,17.473,Kyle Lowry,32.621,29.792,DeMar DeRozan,3.287,21.831,Jonas Valanciunas,24.374,37.813,Marvin Williams,12.837,18.749,Nicolas Batum,7.427,20.159,Kemba Walker,28.108,29.806,Cody Zeller,17.456,35.831,PJ Hairston,6.190,27.073,16.241,3.297,0.533,14.274,16.847,1.345,0.448,4.111,9.678,1.052,11.354
36,1.000,TOR,CHA,709.820,34.134,27.628,Luis Scola,14.472,13.367,DeMarre Carroll,7.314,17.465,Kyle Lowry,32.726,29.243,DeMar DeRozan,3.283,21.126,Jonas Valanciunas,24.404,37.763,Marvin Williams,12.852,18.751,Nicolas Batum,7.559,20.319,Kemba Walker,28.208,29.421,Cody Zeller,17.418,35.841,PJ Hairston,6.087,26.643,24.466,3.228,0.377,13.979,17.621,1.458,0.374,5.163,9.935,0.982,11.049
37,1.000,TOR,CHA,709.780,34.245,27.005,Luis Scola,14.342,13.372,DeMarre Carroll,7.326,17.457,Kyle Lowry,32.836,28.718,DeMar DeRozan,3.310,20.422,Jonas Valanciunas,24.414,37.702,Marvin Williams,12.868,18.768,Nicolas Batum,7.694,20.479,Kemba Walker,28.312,29.047,Cody Zeller,17.373,35.837,PJ Hairston,5.937,26.189,15.819,3.257,0.369,13.400,17.594,1.535,0.584,5.241,9.705,1.123,11.953
38,1.000,TOR,CHA,709.740,34.464,27.535,Luis Scola,14.216,13.375,DeMarre Carroll,7.295,17.442,Kyle Lowry,32.944,28.219,DeMar DeRozan,3.367,19.751,Jonas Valanciunas,24.405,37.631,Marvin Williams,12.887,18.794,Nicolas Batum,7.830,20.629,Kemba Walker,28.419,28.693,Cody Zeller,17.324,35.825,PJ Hairston,5.786,25.670,14.357,3.147,0.862,12.757,16.852,1.786,0.813,5.061,9.259,1.277,13.519
39,1.000,TOR,CHA,709.700,34.541,27.166,Luis Scola,14.089,13.378,DeMarre Carroll,7.266,17.443,Kyle Lowry,33.067,27.741,DeMar DeRozan,3.453,19.101,Jonas Valanciunas,24.386,37.564,Marvin Williams,12.903,18.830,Nicolas Batum,7.969,20.769,Kemba Walker,28.536,28.350,Cody Zeller,17.265,35.799,PJ Hairston,5.636,25.124,9.441,3.197,0.735,12.345,16.399,1.731,0.987,4.950,9.040,1.597,14.147
40,1.000,TOR,CHA,709.660,34.673,26.822,Luis Scola,13.963,13.380,DeMarre Carroll,7.248,17.390,Kyle Lowry,33.245,27.309,DeMar DeRozan,3.522,18.384,Jonas Valanciunas,24.351,37.488,Marvin Williams,12.908,18.867,Nicolas Batum,8.100,20.918,Kemba Walker,28.657,28.038,Cody Zeller,17.206,35.765,PJ Hairston,5.492,24.630,9.215,3.151,1.404,11.676,17.989,2.099,0.939,4.946,8.379,1.698,12.877
41,1.000,TOR,CHA,709.620,34.673,26.389,Luis Scola,13.838,13.378,DeMarre Carroll,7.219,17.368,Kyle Lowry,33.408,26.882,DeMar DeRozan,3.618,17.672,Jonas Valanciunas,24.335,37.461,Marvin Williams,12.901,18.900,Nicolas Batum,8.245,21.080,Kemba Walker,28.791,27.737,Cody Zeller,17.142,35.720,PJ Hairston,5.380,24.108,10.812,3.102,0.920,11.429,17.961,0.792,0.840,5.442,8.248,1.959,13.328
42,1.000,TOR,CHA,709.580,34.906,25.882,Luis Scola,13.712,13.374,DeMarre Carroll,7.178,17.331,Kyle Lowry,33.514,26.446,DeMar DeRozan,3.737,16.976,Jonas Valanciunas,24.282,37.397,Marvin Williams,12.896,18.928,Nicolas Batum,8.395,21.228,Kemba Walker,28.922,27.452,Cody Zeller,17.075,35.672,PJ Hairston,5.259,23.577,13.949,3.155,1.364,11.221,17.666,2.073,0.712,5.263,7.842,2.058,13.627
43,1.000,TOR,CHA,709.540,34.988,25.367,Luis Scola,13.584,13.367,DeMarre Carroll,7.132,17.300,Kyle Lowry,33.660,26.044,DeMar DeRozan,3.905,16.333,Jonas Valanciunas,24.217,37.327,Marvin Williams,12.868,18.922,Nicolas Batum,8.541,21.361,Kemba Walker,29.053,27.182,Cody Zeller,17.004,35.623,PJ Hairston,5.136,23.019,13.042,3.226,1.388,10.710,16.615,2.382,0.728,4.928,7.484,2.158,14.282
44,1.000,TOR,CHA,709.500,34.994,24.939,Luis Scola,13.453,13.356,DeMarre Carroll,7.104,17.279,Kyle Lowry,33.773,25.637,DeMar DeRozan,4.099,15.711,Jonas Valanciunas,24.148,37.252,Marvin Williams,12.864,18.960,Nicolas Batum,8.676,21.497,Kemba Walker,29.173,26.904,Cody Zeller,16.930,35.574,PJ Hairston,5.006,22.446,10.682,3.265,0.880,10.538,16.288,2.569,0.959,4.795,7.566,2.238,14.691
45,1.000,TOR,CHA,709.460,34.878,24.880,Luis Scola,13.320,13.335,DeMarre Carroll,7.026,17.257,Kyle Lowry,33.874,25.229,DeMar DeRozan,4.351,15.145,Jonas Valanciunas,24.094,37.188,Marvin Williams,12.847,18.990,Nicolas Batum,8.800,21.637,Kemba Walker,29.276,26.637,Cody Zeller,16.853,35.526,PJ Hairston,4.880,21.861,3.252,3.380,2.013,10.505,15.487,2.087,0.865,4.673,7.176,2.255,14.964
46,1.000,TOR,CHA,709.420,34.788,24.463,Luis Scola,13.187,13.292,DeMarre Carroll,6.923,17.228,Kyle Lowry,33.953,24.811,DeMar DeRozan,4.592,14.568,Jonas Valanciunas,24.013,37.149,Marvin Williams,12.814,18.996,Nicolas Batum,8.929,21.784,Kemba Walker,29.377,26.367,Cody Zeller,16.777,35.480,PJ Hairston,4.778,21.253,10.674,3.479,2.679,10.657,15.636,2.251,0.832,4.892,7.190,2.208,15.399
47,1.000,TOR,CHA,709.380,34.793,23.969,Luis Scola,13.049,13.237,DeMarre Carroll,6.821,17.210,Kyle Lowry,34.032,24.423,DeMar DeRozan,4.856,14.008,Jonas Valanciunas,23.893,37.072,Marvin Williams,12.782,19.017,Nicolas Batum,9.044,21.904,Kemba Walker,29.461,26.095,Cody Zeller,16.702,35.437,PJ Hairston,4.690,20.632,12.354,3.728,2.605,9.895,15.474,3.556,0.966,4.157,7.118,2.184,15.698
48,1.000,TOR,CHA,709.340,34.747,23.907,Luis Scola,12.913,13.161,DeMarre Carroll,6.721,17.170,Kyle Lowry,34.061,24.059,DeMar DeRozan,5.134,13.454,Jonas Valanciunas,23.686,37.036,Marvin Williams,12.753,19.038,Nicolas Batum,9.165,22.046,Kemba Walker,29.536,25.825,Cody Zeller,16.628,35.399,PJ Hairston,4.588,19.985,1.934,3.876,2.690,9.127,15.488,5.268,0.890,4.671,7.011,2.072,16.354
49,1.000,TOR,CHA,709.300,34.687,23.600,Luis Scola,12.771,13.064,DeMarre Carroll,6.600,17.154,Kyle Lowry,34.079,23.709,DeMar DeRozan,5.448,12.917,Jonas Valanciunas,23.476,37.006,Marvin Williams,12.706,19.049,Nicolas Batum,9.272,22.179,Kemba Walker,29.599,25.551,Cody Zeller,16.555,35.368,PJ Hairston,4.566,19.345,7.813,4.308,3.045,8.748,15.558,5.293,1.205,4.259,7.022,1.981,16.020
50,1.000,TOR,CHA,709.260,34.498,22.796,Luis Scola,12.645,12.910,DeMarre Carroll,6.469,17.071,Kyle Lowry,34.091,23.376,DeMar DeRozan,5.784,12.387,Jonas Valanciunas,23.219,37.015,Marvin Williams,12.651,19.057,Nicolas Batum,9.366,22.290,Kemba Walker,29.650,25.283,Cody Zeller,16.481,35.340,PJ Hairston,4.553,18.682,20.642,4.982,3.887,8.332,15.690,6.436,1.386,3.631,6.820,1.975,16.582
51,1.000,TOR,CHA,709.220,34.305,22.723,Luis Scola,12.504,12.780,DeMarre Carroll,6.342,16.987,Kyle Lowry,34.113,23.072,DeMar DeRozan,6.197,11.895,Jonas Valanciunas,22.987,37.059,Marvin Williams,12.585,19.040,Nicolas Batum,9.420,22.354,Kemba Walker,29.684,25.026,Cody Zeller,16.407,35.315,PJ Hairston,4.531,18.012,5.160,4.800,3.794,7.631,16.062,5.905,1.714,2.116,6.480,1.963,16.745
52,1.000,TOR,CHA,709.180,34.071,22.665,Luis Scola,12.347,12.647,DeMarre Carroll,6.232,16.936,Kyle Lowry,34.130,22.785,DeMar DeRozan,6.625,11.423,Jonas Valanciunas,22.755,37.107,Marvin Williams,12.508,19.067,Nicolas Batum,9.462,22.410,Kemba Walker,29.702,24.780,Cody Zeller,16.334,35.296,PJ Hairston,4.588,17.360,6.041,5.155,3.037,7.173,15.927,5.914,2.023,1.742,6.185,1.884,16.373
53,1.000,TOR,CHA,709.140,33.004,21.207,Luis Scola,12.190,12.530,DeMarre Carroll,6.172,16.882,Kyle Lowry,34.150,22.511,DeMar DeRozan,7.063,10.969,Jonas Valanciunas,22.522,37.107,Marvin Williams,12.422,19.047,Nicolas Batum,9.490,22.455,Kemba Walker,29.699,24.534,Cody Zeller,16.262,35.278,PJ Hairston,4.662,16.708,45.162,4.882,2.018,6.875,15.768,5.829,2.228,1.312,6.134,1.844,16.409
54,1.000,TOR,CHA,709.100,31.726,20.353,Luis Scola,12.039,12.415,DeMarre Carroll,6.093,16.803,Kyle Lowry,34.170,22.261,DeMar DeRozan,7.535,10.569,Jonas Valanciunas,22.291,37.152,Marvin Williams,12.326,19.020,Nicolas Batum,9.501,22.486,Kemba Walker,29.680,24.307,Cody Zeller,16.196,35.268,PJ Hairston,4.778,16.057,38.433,4.745,2.784,6.277,15.474,5.887,2.478,0.829,5.710,1.677,16.523
55,1.000,TOR,CHA,709.060,30.492,19.517,Luis Scola,11.885,12.293,DeMarre Carroll,6.007,16.760,Kyle Lowry,34.187,22.034,DeMar DeRozan,7.981,10.221,Jonas Valanciunas,22.072,37.212,Marvin Williams,12.219,18.952,Nicolas Batum,9.512,22.498,Kemba Walker,29.657,24.084,Cody Zeller,16.170,35.293,PJ Hairston,4.931,15.398,37.268,4.911,2.413,5.680,14.133,5.683,3.162,0.409,5.604,0.906,16.919
56,1.000,TOR,CHA,709.020,29.325,18.628,Luis Scola,11.732,12.153,DeMarre Carroll,5.933,16.711,Kyle Lowry,34.209,21.847,DeMar DeRozan,8.420,9.901,Jonas Valanciunas,21.866,37.209,Marvin Williams,12.142,18.937,Nicolas Batum,9.509,22.494,Kemba Walker,29.624,23.867,Cody Zeller,16.145,35.319,PJ Hairston,5.094,14.755,36.669,5.185,2.217,4.724,13.589,5.135,1.964,0.120,5.487,0.902,16.582
57,1.000,TOR,CHA,708.980,28.078,17.462,Luis Scola,11.592,12.062,DeMarre Carroll,5.875,16.648,Kyle Lowry,34.240,21.684,DeMar DeRozan,8.853,9.598,Jonas Valanciunas,21.701,37.212,Marvin Williams,12.068,18.923,Nicolas Batum,9.488,22.482,Kemba Walker,29.580,23.659,Cody Zeller,16.080,35.312,PJ Hairston,5.294,14.115,42.680,4.166,2.143,4.134,13.207,4.136,1.895,0.624,5.318,1.627,16.758
58,1.000,TOR,CHA,708.940,27.040,16.865,Luis Scola,11.449,11.965,DeMarre Carroll,5.819,16.614,Kyle Lowry,34.283,21.551,DeMar DeRozan,9.291,9.326,Jonas Valanciunas,21.543,37.159,Marvin Williams,11.990,18.893,Nicolas Batum,9.454,22.477,Kemba Walker,29.528,23.458,Cody Zeller,16.018,35.297,PJ Hairston,5.502,13.481,29.951,4.335,1.646,3.485,12.888,4.163,2.075,0.844,5.189,1.607,16.685
59,1.000,TOR,CHA,708.900,25.813,15.989,Luis Scola,11.315,11.839,DeMarre Carroll,5.740,16.572,Kyle Lowry,34.338,21.451,DeMar DeRozan,9.779,9.111,Jonas Valanciunas,21.377,37.086,Marvin Williams,11.909,18.861,Nicolas Batum,9.399,22.455,Kemba Walker,29.470,23.265,Cody Zeller,15.943,35.278,PJ Hairston,5.756,12.862,37.675,4.586,2.214,2.864,13.326,4.541,2.184,1.475,5.037,1.934,16.721
60,1.000,TOR,CHA,708.860,24.689,15.183,Luis Scola,11.201,11.671,DeMarre Carroll,5.687,16.567,Kyle Lowry,34.402,21.383,DeMar DeRozan,10.270,8.877,Jonas Valanciunas,21.231,37.024,Marvin Williams,11.826,18.797,Nicolas Batum,9.331,22.437,Kemba Walker,29.403,23.079,Cody Zeller,15.872,35.255,PJ Hairston,6.059,12.271,34.586,5.095,1.343,2.337,13.613,3.953,2.623,1.777,4.926,1.863,16.612
61,1.000,TOR,CHA,708.820,23.469,14.225,Luis Scola,11.079,11.505,DeMarre Carroll,5.643,16.570,Kyle Lowry,34.483,21.362,DeMar DeRozan,10.739,8.682,Jonas Valanciunas,21.049,36.985,Marvin Williams,11.771,18.786,Nicolas Batum,9.253,22.407,Kemba Walker,29.327,22.904,Cody Zeller,15.801,35.241,PJ Hairston,6.370,11.732,38.776,5.134,1.090,2.082,12.685,4.654,1.404,2.084,4.774,1.795,15.539
62,1.000,TOR,CHA,708.780,22.331,13.418,Luis Scola,10.947,11.335,DeMarre Carroll,5.584,16.569,Kyle Lowry,34.558,21.350,DeMar DeRozan,11.236,8.504,Jonas Valanciunas,20.860,36.946,Marvin Williams,11.712,18.755,Nicolas Batum,9.156,22.399,Kemba Walker,29.247,22.751,Cody Zeller,15.729,35.210,PJ Hairston,6.714,11.226,34.888,5.382,1.492,1.893,13.192,4.841,1.668,2.431,4.324,1.968,15.316
63,1.000,TOR,CHA,708.740,21.197,12.627,Luis Scola,10.816,11.168,DeMarre Carroll,5.513,16.616,Kyle Lowry,34.649,21.365,DeMar DeRozan,11.765,8.376,Jonas Valanciunas,20.695,36.852,Marvin Williams,11.619,18.695,Nicolas Batum,9.049,22.379,Kemba Walker,29.157,22.616,Cody Zeller,15.658,35.167,PJ Hairston,7.095,10.751,34.552,5.302,2.124,2.326,13.620,4.739,2.760,2.729,4.062,2.071,15.230
64,1.000,TOR,CHA,708.700,20.071,11.840,Luis Scola,10.710,11.014,DeMarre Carroll,5.464,16.657,Kyle Lowry,34.746,21.405,DeMar DeRozan,12.288,8.275,Jonas Valanciunas,20.502,36.803,Marvin Williams,11.556,18.658,Nicolas Batum,8.948,22.361,Kemba Walker,29.053,22.498,Cody Zeller,15.580,35.106,PJ Hairston,7.492,10.302,34.350,4.674,1.587,2.620,13.327,4.976,1.819,2.561,3.922,2.482,14.978
65,1.000,TOR,CHA,708.660,18.963,10.900,Luis Scola,10.585,10.898,DeMarre Carroll,5.405,16.764,Kyle Lowry,34.835,21.461,DeMar DeRozan,12.753,8.202,Jonas Valanciunas,20.354,36.721,Marvin Williams,11.484,18.602,Nicolas Batum,8.843,22.351,Kemba Walker,28.940,22.397,Cody Zeller,15.507,35.027,PJ Hairston,7.928,9.901,36.326,4.265,3.061,2.620,11.755,4.227,2.275,2.626,3.788,2.700,14.792
66,1.000,TOR,CHA,708.620,17.808,10.175,Luis Scola,10.487,10.743,DeMarre Carroll,5.347,16.904,Kyle Lowry,34.907,21.529,DeMar DeRozan,13.209,8.213,Jonas Valanciunas,20.199,36.626,Marvin Williams,11.412,18.552,Nicolas Batum,8.735,22.346,Kemba Walker,28.817,22.303,Cody Zeller,15.428,34.951,PJ Hairston,8.358,9.536,34.095,4.571,3.793,2.482,11.414,4.548,2.208,2.708,3.868,2.720,14.131
67,1.000,TOR,CHA,708.580,16.681,9.390,Luis Scola,10.374,10.623,DeMarre Carroll,5.270,17.035,Kyle Lowry,34.985,21.622,DeMar DeRozan,13.639,8.240,Jonas Valanciunas,20.048,36.532,Marvin Williams,11.317,18.430,Nicolas Batum,8.624,22.348,Kemba Walker,28.678,22.217,Cody Zeller,15.349,34.864,PJ Hairston,8.799,9.216,34.334,4.127,3.798,3.048,10.757,4.451,3.873,2.768,4.096,2.949,13.612
68,1.000,TOR,CHA,708.540,16.056,8.785,Luis Scola,10.261,10.477,DeMarre Carroll,5.178,17.198,Kyle Lowry,35.059,21.739,DeMar DeRozan,14.051,8.288,Jonas Valanciunas,19.897,36.492,Marvin Williams,11.225,18.344,Nicolas Batum,8.504,22.354,Kemba Walker,28.530,22.143,Cody Zeller,15.275,34.777,PJ Hairston,9.252,8.943,21.742,4.629,4.685,3.446,10.373,3.901,3.139,3.022,4.125,2.849,13.220
69,1.000,TOR,CHA,708.500,16.406,8.763,Luis Scola,10.161,10.299,DeMarre Carroll,5.083,17.414,Kyle Lowry,35.123,21.873,DeMar DeRozan,14.423,8.335,Jonas Valanciunas,19.747,36.390,Marvin Williams,11.177,18.304,Nicolas Batum,8.392,22.388,Kemba Walker,28.364,22.075,Cody Zeller,15.200,34.683,PJ Hairston,9.697,8.716,8.761,5.101,5.900,3.710,9.373,4.524,1.559,2.920,4.482,3.000,12.478
70,1.000,TOR,CHA,708.460,16.753,8.813,Luis Scola,10.064,10.119,DeMarre Carroll,4.971,17.667,Kyle Lowry,35.186,22.024,DeMar DeRozan,14.852,8.368,Jonas Valanciunas,19.581,36.274,Marvin Williams,11.161,18.309,Nicolas Batum,8.268,22.421,Kemba Walker,28.184,22.013,Cody Zeller,15.089,34.560,PJ Hairston,10.118,8.550,8.761,5.102,6.919,4.108,10.772,5.073,0.428,3.201,4.765,4.146,11.321
71,1.000,TOR,CHA,708.420,17.203,8.976,Luis Scola,9.961,9.945,DeMarre Carroll,4.862,17.926,Kyle Lowry,35.252,22.186,DeMar DeRozan,15.280,8.441,Jonas Valanciunas,19.377,36.140,Marvin Williams,11.110,18.253,Nicolas Batum,8.135,22.466,Kemba Walker,27.987,21.960,Cody Zeller,14.982,34.442,PJ Hairston,10.515,8.430,11.980,5.070,7.026,4.360,10.831,6.101,1.898,3.523,5.112,3.988,10.365
72,1.000,TOR,CHA,708.380,17.595,9.165,Luis Scola,9.846,9.712,DeMarre Carroll,4.751,18.187,Kyle Lowry,35.307,22.367,DeMar DeRozan,15.638,8.552,Jonas Valanciunas,19.157,36.035,Marvin Williams,11.031,18.173,Nicolas Batum,8.010,22.454,Kemba Walker,27.780,21.911,Cody Zeller,14.922,34.361,PJ Hairston,10.908,8.402,10.866,6.495,7.094,4.727,9.370,6.100,2.801,3.127,5.308,2.520,9.865
73,1.000,TOR,CHA,708.340,17.823,9.701,Luis Scola,9.739,9.452,DeMarre Carroll,4.635,18.443,Kyle Lowry,35.337,22.567,DeMar DeRozan,15.964,8.681,Jonas Valanciunas,18.930,35.999,Marvin Williams,10.980,18.137,Nicolas Batum,7.881,22.462,Kemba Walker,27.556,21.863,Cody Zeller,14.877,34.291,PJ Hairston,11.330,8.428,14.572,7.023,7.019,5.057,8.767,5.746,1.562,3.240,5.739,2.079,10.565
74,1.000,TOR,CHA,708.300,18.137,10.006,Luis Scola,9.646,9.166,DeMarre Carroll,4.533,18.732,Kyle Lowry,35.359,22.795,DeMar DeRozan,16.221,8.877,Jonas Valanciunas,18.712,35.980,Marvin Williams,10.909,18.058,Nicolas Batum,7.741,22.509,Kemba Walker,27.316,21.821,Cody Zeller,14.853,34.232,PJ Hairston,11.724,8.494,10.928,7.512,7.647,5.739,8.093,5.467,2.657,3.685,6.087,1.597,9.993
75,1.000,TOR,CHA,708.260,18.527,10.372,Luis Scola,9.540,8.935,DeMarre Carroll,4.432,19.030,Kyle Lowry,35.366,23.037,DeMar DeRozan,16.415,9.087,Jonas Valanciunas,18.489,35.969,Marvin Williams,10.850,18.001,Nicolas Batum,7.605,22.559,Kemba Walker,27.063,21.785,Cody Zeller,14.831,34.173,PJ Hairston,12.083,8.596,13.374,6.352,7.881,6.041,7.143,5.568,2.056,3.639,6.394,1.558,9.328
76,1.000,TOR,CHA,708.220,18.675,10.544,Luis Scola,9.429,8.692,DeMarre Carroll,4.333,19.350,Kyle Lowry,35.373,23.295,DeMar DeRozan,16.647,9.342,Jonas Valanciunas,18.282,35.881,Marvin Williams,10.780,17.910,Nicolas Batum,7.459,22.636,Kemba Walker,26.810,21.761,Cody Zeller,14.813,34.108,PJ Hairston,12.429,8.725,5.679,6.690,8.365,6.458,8.622,5.646,2.876,4.116,6.351,1.699,9.223
77,1.000,TOR,CHA,708.180,18.913,10.444,Luis Scola,9.343,8.472,DeMarre Carroll,4.227,19.687,Kyle Lowry,35.372,23.563,DeMar DeRozan,16.773,9.587,Jonas Valanciunas,18.086,35.791,Marvin Williams,10.717,17.815,Nicolas Batum,7.324,22.733,Kemba Walker,26.545,21.731,Cody Zeller,14.798,34.056,PJ Hairston,12.757,8.841,6.469,5.896,8.828,6.705,6.870,5.390,2.851,4.156,6.656,1.341,8.694
78,1.000,TOR,CHA,708.140,18.908,10.499,Luis Scola,9.247,8.245,DeMarre Carroll,4.129,20.016,Kyle Lowry,35.365,23.843,DeMar DeRozan,16.826,9.805,Jonas Valanciunas,17.903,35.707,Marvin Williams,10.692,17.769,Nicolas Batum,7.194,22.842,Kemba Walker,26.277,21.705,Cody Zeller,14.781,34.011,PJ Hairston,13.038,9.004,1.396,6.170,8.590,7.002,5.617,5.028,1.298,4.243,6.728,1.200,8.125
79,1.000,TOR,CHA,708.100,18.894,10.658,Luis Scola,9.089,7.993,DeMarre Carroll,4.027,20.357,Kyle Lowry,35.346,24.140,DeMar DeRozan,16.908,10.083,Jonas Valanciunas,17.748,35.573,Marvin Williams,10.641,17.703,Nicolas Batum,7.046,22.958,Kemba Walker,26.009,21.684,Cody Zeller,14.767,33.973,PJ Hairston,13.297,9.197,3.974,7.425,8.902,7.432,7.245,5.126,2.082,4.698,6.735,1.013,8.079
80,1.000,TOR,CHA,708.060,18.872,10.906,Luis Scola,8.952,7.745,DeMarre Carroll,3.935,20.692,Kyle Lowry,35.324,24.449,DeMar DeRozan,17.008,10.406,Jonas Valanciunas,17.597,35.422,Marvin Williams,10.600,17.653,Nicolas Batum,6.889,23.069,Kemba Walker,25.745,21.657,Cody Zeller,14.748,33.949,PJ Hairston,13.531,9.415,6.229,7.104,8.677,7.733,8.455,5.331,1.614,4.792,6.616,0.788,7.984
81,1.000,TOR,CHA,708.020,18.840,11.231,Luis Scola,8.770,7.531,DeMarre Carroll,3.848,21.034,Kyle Lowry,35.294,24.770,DeMar DeRozan,17.069,10.694,Jonas Valanciunas,17.449,35.282,Marvin Williams,10.564,17.610,Nicolas Batum,6.735,23.178,Kemba Walker,25.474,21.621,Cody Zeller,14.728,33.917,PJ Hairston,13.757,9.662,8.163,7.022,8.841,8.077,7.371,5.093,1.415,4.740,6.851,0.936,8.378
82,1.000,TOR,CHA,707.980,18.799,11.620,Luis Scola,8.602,7.327,DeMarre Carroll,3.763,21.380,Kyle Lowry,35.252,25.092,DeMar DeRozan,17.119,11.009,Jonas Valanciunas,17.305,35.135,Marvin Williams,10.557,17.610,Nicolas Batum,6.580,23.289,Kemba Walker,25.203,21.564,Cody Zeller,14.718,33.941,PJ Hairston,13.947,9.939,9.774,6.588,8.885,8.116,7.951,5.153,0.183,4.753,6.914,0.649,8.400
83,1.000,TOR,CHA,707.940,18.750,12.059,Luis Scola,8.420,7.119,DeMarre Carroll,3.671,21.687,Kyle Lowry,35.197,25.423,DeMar DeRozan,17.147,11.342,Jonas Valanciunas,17.169,34.987,Marvin Williams,10.558,17.617,Nicolas Batum,6.432,23.405,Kemba Walker,24.907,21.561,Cody Zeller,14.693,33.957,PJ Hairston,14.112,10.240,11.064,6.907,8.011,8.382,8.361,5.016,0.169,4.704,7.410,0.739,8.571
84,1.000,TOR,CHA,707.900,18.693,12.537,Luis Scola,8.214,6.927,DeMarre Carroll,3.582,21.996,Kyle Lowry,35.138,25.806,DeMar DeRozan,17.163,11.695,Jonas Valanciunas,17.032,34.847,Marvin Williams,10.563,17.633,Nicolas Batum,6.275,23.520,Kemba Walker,24.603,21.565,Cody Zeller,14.643,33.919,PJ Hairston,14.256,10.568,12.032,7.058,8.047,9.698,8.835,4.894,0.407,4.866,7.589,1.581,8.953
85,1.000,TOR,CHA,707.860,18.628,13.040,Luis Scola,8.004,6.733,DeMarre Carroll,3.491,22.300,Kyle Lowry,35.057,26.190,DeMar DeRozan,17.137,12.103,Jonas Valanciunas,16.924,34.750,Marvin Williams,10.562,17.656,Nicolas Batum,6.120,23.651,Kemba Walker,24.293,21.581,Cody Zeller,14.585,33.879,PJ Hairston,14.404,10.912,12.680,7.151,7.932,9.813,10.229,3.629,0.585,5.082,7.766,1.748,9.376
86,1.000,TOR,CHA,707.820,18.555,13.555,Luis Scola,7.793,6.521,DeMarre Carroll,3.410,22.602,Kyle Lowry,34.958,26.583,DeMar DeRozan,17.085,12.526,Jonas Valanciunas,16.809,34.685,Marvin Williams,10.579,17.703,Nicolas Batum,5.977,23.792,Kemba Walker,23.975,21.594,Cody Zeller,14.515,33.826,PJ Hairston,14.546,11.278,13.009,7.479,7.810,10.124,10.662,3.307,1.256,5.016,7.956,2.195,9.816
87,1.000,TOR,CHA,707.780,18.474,14.070,Luis Scola,7.586,6.307,DeMarre Carroll,3.340,22.969,Kyle Lowry,34.844,26.985,DeMar DeRozan,17.092,12.950,Jonas Valanciunas,16.703,34.615,Marvin Williams,10.619,17.786,Nicolas Batum,5.830,24.010,Kemba Walker,23.631,21.638,Cody Zeller,14.435,33.762,PJ Hairston,14.672,11.604,13.019,7.441,9.360,10.439,10.601,3.185,2.286,6.575,8.676,2.570,8.725
88,1.000,TOR,CHA,707.740,18.385,14.571,Luis Scola,7.376,6.110,DeMarre Carroll,3.281,23.329,Kyle Lowry,34.732,27.381,DeMar DeRozan,17.074,13.376,Jonas Valanciunas,16.596,34.534,Marvin Williams,10.657,17.876,Nicolas Batum,5.688,24.236,Kemba Walker,23.298,21.687,Cody Zeller,14.336,33.684,PJ Hairston,14.775,11.937,12.712,7.185,9.100,10.299,10.653,3.339,2.444,6.665,8.413,3.154,8.720
89,1.000,TOR,CHA,707.700,18.289,15.045,Luis Scola,7.147,5.962,DeMarre Carroll,3.225,23.663,Kyle Lowry,34.611,27.769,DeMar DeRozan,17.017,13.756,Jonas Valanciunas,16.493,34.464,Marvin Williams,10.691,17.975,Nicolas Batum,5.571,24.435,Kemba Walker,22.974,21.734,Cody Zeller,14.224,33.578,PJ Hairston,14.866,12.276,12.093,6.828,8.484,10.148,9.592,3.119,2.627,5.778,8.177,3.855,8.780
90,1.000,TOR,CHA,707.660,18.186,15.479,Luis Scola,6.919,5.810,DeMarre Carroll,3.192,23.983,Kyle Lowry,34.479,28.163,DeMar DeRozan,16.964,14.148,Jonas Valanciunas,16.397,34.375,Marvin Williams,10.735,18.106,Nicolas Batum,5.462,24.642,Kemba Walker,22.630,21.797,Cody Zeller,14.097,33.470,PJ Hairston,14.949,12.619,11.165,6.848,8.034,10.399,9.902,3.278,3.452,5.846,8.748,4.168,8.833
91,1.000,TOR,CHA,707.620,18.076,15.861,Luis Scola,6.713,5.672,DeMarre Carroll,3.168,24.303,Kyle Lowry,34.322,28.563,DeMar DeRozan,16.862,14.503,Jonas Valanciunas,16.313,34.321,Marvin Williams,10.777,18.255,Nicolas Batum,5.352,24.845,Kemba Walker,22.271,21.847,Cody Zeller,13.953,33.358,PJ Hairston,15.017,12.952,9.940,6.191,8.023,10.729,9.223,2.491,3.868,5.769,9.056,4.563,8.486
92,1.000,TOR,CHA,707.580,17.852,16.196,Luis Scola,6.543,5.508,DeMarre Carroll,3.123,24.668,Kyle Lowry,34.157,28.967,DeMar DeRozan,16.812,14.921,Jonas Valanciunas,16.228,34.274,Marvin Williams,10.817,18.413,Nicolas Batum,5.232,25.004,Kemba Walker,21.912,21.915,Cody Zeller,13.799,33.240,PJ Hairston,15.058,13.345,10.070,5.909,9.184,10.916,10.526,2.433,4.079,4.986,9.151,4.857,9.880
93,1.000,TOR,CHA,707.540,17.199,16.754,Luis Scola,6.351,5.314,DeMarre Carroll,3.052,25.083,Kyle Lowry,33.983,29.378,DeMar DeRozan,16.775,15.367,Jonas Valanciunas,16.138,34.215,Marvin Williams,10.849,18.557,Nicolas Batum,5.108,25.155,Kemba Walker,21.551,21.992,Cody Zeller,13.607,33.068,PJ Hairston,15.084,13.719,21.491,6.827,10.534,11.179,11.181,2.692,3.686,4.893,9.214,6.426,9.365
94,1.000,TOR,CHA,707.500,16.835,17.265,Luis Scola,6.212,5.108,DeMarre Carroll,2.979,25.465,Kyle Lowry,33.803,29.788,DeMar DeRozan,16.661,15.769,Jonas Valanciunas,16.055,34.162,Marvin Williams,10.871,18.699,Nicolas Batum,5.005,25.326,Kemba Walker,21.176,22.072,Cody Zeller,13.410,32.913,PJ Hairston,15.089,14.082,15.668,6.207,9.720,11.184,10.446,2.467,3.587,4.980,9.599,6.268,9.086
95,1.000,TOR,CHA,707.460,16.408,17.670,Luis Scola,6.046,4.941,DeMarre Carroll,2.906,25.851,Kyle Lowry,33.611,30.202,DeMar DeRozan,16.535,16.136,Jonas Valanciunas,15.964,34.091,Marvin Williams,10.874,18.822,Nicolas Batum,4.912,25.507,Kemba Walker,20.785,22.139,Cody Zeller,13.231,32.796,PJ Hairston,15.073,14.437,14.702,5.875,9.831,11.399,9.706,2.870,3.087,5.095,9.908,5.341,8.883
96,1.000,TOR,CHA,707.420,16.239,17.826,Luis Scola,5.922,4.755,DeMarre Carroll,2.848,26.253,Kyle Lowry,33.411,30.622,DeMar DeRozan,16.352,16.473,Jonas Valanciunas,15.869,34.017,Marvin Williams,10.878,18.947,Nicolas Batum,4.804,25.676,Kemba Walker,20.377,22.265,Cody Zeller,13.043,32.677,PJ Hairston,15.055,14.808,5.754,5.590,10.155,11.624,9.594,3.023,3.111,5.007,10.686,5.582,9.287
97,1.000,TOR,CHA,707.380,16.234,17.676,Luis Scola,5.819,4.545,DeMarre Carroll,2.747,26.638,Kyle Lowry,33.202,31.045,DeMar DeRozan,16.180,16.798,Jonas Valanciunas,15.773,33.939,Marvin Williams,10.875,19.047,Nicolas Batum,4.717,25.885,Kemba Walker,19.958,22.429,Cody Zeller,12.845,32.510,PJ Hairston,15.039,15.159,3.747,5.864,9.954,11.804,9.198,3.080,2.520,5.668,11.247,6.467,8.778
98,1.000,TOR,CHA,707.340,16.246,17.627,Luis Scola,5.735,4.351,DeMarre Carroll,2.652,27.056,Kyle Lowry,32.980,31.469,DeMar DeRozan,16.026,17.100,Jonas Valanciunas,15.671,33.855,Marvin Williams,10.853,19.137,Nicolas Batum,4.639,26.099,Kemba Walker,19.573,22.563,Cody Zeller,12.650,32.349,PJ Hairston,15.020,15.463,1.268,5.282,10.718,11.965,8.467,3.310,2.297,5.697,10.191,6.307,7.625
99,1.000,TOR,CHA,707.300,16.267,17.542,Luis Scola,5.669,4.173,DeMarre Carroll,2.559,27.471,Kyle Lowry,32.757,31.854,DeMar DeRozan,15.884,17.387,Jonas Valanciunas,15.559,33.765,Marvin Williams,10.778,19.168,Nicolas Batum,4.558,26.314,Kemba Walker,19.166,22.645,Cody Zeller,12.470,32.238,PJ Hairston,14.996,15.753,2.192,4.738,10.625,11.122,8.001,3.591,2.035,5.724,10.382,5.294,7.271
100,1.000,TOR,CHA,707.260,15.864,17.408,Luis Scola,5.609,4.013,DeMarre Carroll,2.493,27.915,Kyle Lowry,32.537,32.249,DeMar DeRozan,15.797,17.681,Jonas Valanciunas,15.453,33.607,Marvin Williams,10.741,19.208,Nicolas Batum,4.473,26.522,Kemba Walker,18.757,22.723,Cody Zeller,12.301,32.115,PJ Hairston,14.957,16.016,10.611,4.288,11.226,11.313,7.669,4.766,1.359,5.628,10.413,5.222,6.652
101,1.000,TOR,CHA,707.220,15.391,16.437,Luis Scola,5.528,3.815,DeMarre Carroll,2.445,28.393,Kyle Lowry,32.315,32.635,DeMar DeRozan,15.671,17.967,Jonas Valanciunas,15.345,33.469,Marvin Williams,10.644,19.200,Nicolas Batum,4.387,26.727,Kemba Walker,18.361,22.810,Cody Zeller,12.115,31.981,PJ Hairston,14.909,16.281,26.996,5.344,12.017,11.123,7.806,4.374,2.449,5.560,10.123,5.736,6.713
102,1.000,TOR,CHA,707.180,14.562,15.159,Luis Scola,5.484,3.707,DeMarre Carroll,2.388,28.843,Kyle Lowry,32.096,33.012,DeMar DeRozan,15.616,18.251,Jonas Valanciunas,15.241,33.301,Marvin Williams,10.543,19.179,Nicolas Batum,4.309,26.956,Kemba Walker,17.983,22.873,Cody Zeller,11.927,31.848,PJ Hairston,14.855,16.537,38.086,2.910,11.327,10.894,7.236,4.940,2.584,6.051,9.582,5.772,6.551
103,1.000,TOR,CHA,707.140,13.702,14.133,Luis Scola,5.442,3.623,DeMarre Carroll,2.357,29.307,Kyle Lowry,31.870,33.389,DeMar DeRozan,15.585,18.508,Jonas Valanciunas,15.130,33.154,Marvin Williams,10.431,19.135,Nicolas Batum,4.249,27.179,Kemba Walker,17.604,22.953,Cody Zeller,11.737,31.711,PJ Hairston,14.798,16.785,33.478,2.351,11.615,10.987,6.477,4.605,3.005,5.753,9.683,5.830,6.356
104,1.000,TOR,CHA,707.100,13.013,13.098,Luis Scola,5.407,3.554,DeMarre Carroll,2.345,29.754,Kyle Lowry,31.643,33.758,DeMar DeRozan,15.565,18.719,Jonas Valanciunas,15.022,32.997,Marvin Williams,10.312,19.074,Nicolas Batum,4.195,27.437,Kemba Walker,17.219,23.054,Cody Zeller,11.563,31.591,PJ Hairston,14.738,17.016,31.072,1.948,11.196,10.842,5.294,4.756,3.343,6.599,9.954,5.302,5.974
105,1.000,TOR,CHA,707.060,12.057,12.035,Luis Scola,5.374,3.478,DeMarre Carroll,2.311,30.228,Kyle Lowry,31.422,34.119,DeMar DeRozan,15.519,18.933,Jonas Valanciunas,14.878,32.870,Marvin Williams,10.178,18.961,Nicolas Batum,4.159,27.692,Kemba Walker,16.869,23.161,Cody Zeller,11.401,31.465,PJ Hairston,14.675,17.229,35.744,2.067,11.887,10.580,5.487,4.809,4.386,6.436,9.139,5.122,5.558
106,1.000,TOR,CHA,707.020,11.417,10.858,Luis Scola,5.341,3.411,DeMarre Carroll,2.245,30.722,Kyle Lowry,31.205,34.467,DeMar DeRozan,15.477,19.131,Jonas Valanciunas,14.736,32.752,Marvin Williams,10.027,18.813,Nicolas Batum,4.125,27.956,Kemba Walker,16.542,23.293,Cody Zeller,11.244,31.324,PJ Hairston,14.612,17.421,33.508,1.856,12.439,10.244,5.049,4.602,5.279,6.669,8.813,5.273,5.040
107,1.000,TOR,CHA,706.980,10.647,9.798,Luis Scola,5.275,3.361,DeMarre Carroll,2.266,31.199,Kyle Lowry,30.987,34.806,DeMar DeRozan,15.408,19.276,Jonas Valanciunas,14.598,32.626,Marvin Williams,9.876,18.650,Nicolas Batum,4.119,28.229,Kemba Walker,16.240,23.424,Cody Zeller,11.102,31.189,PJ Hairston,14.541,17.610,32.753,2.073,11.946,10.092,4.013,4.676,5.550,6.829,8.234,4.908,5.056
108,1.000,TOR,CHA,706.940,9.842,8.624,Luis Scola,5.241,3.354,DeMarre Carroll,2.321,31.643,Kyle Lowry,30.770,35.133,DeMar DeRozan,15.375,19.420,Jonas Valanciunas,14.443,32.560,Marvin Williams,9.712,18.459,Nicolas Batum,4.129,28.504,Kemba Walker,15.956,23.548,Cody Zeller,10.997,31.107,PJ Hairston,14.476,17.801,35.567,0.855,11.186,9.811,3.703,4.230,6.303,6.878,7.754,3.320,5.048
109,1.000,TOR,CHA,706.900,8.895,7.764,Luis Scola,5.214,3.389,DeMarre Carroll,2.337,32.084,Kyle Lowry,30.553,35.453,DeMar DeRozan,15.346,19.613,Jonas Valanciunas,14.299,32.442,Marvin Williams,9.542,18.241,Nicolas Batum,4.115,28.733,Kemba Walker,15.704,23.691,Cody Zeller,10.903,31.016,PJ Hairston,14.426,17.998,31.985,1.086,11.031,9.655,4.883,4.653,6.912,5.738,7.250,3.281,5.073
110,1.000,TOR,CHA,706.860,8.373,6.442,Luis Scola,5.203,3.397,DeMarre Carroll,2.396,32.551,Kyle Lowry,30.335,35.759,DeMar DeRozan,15.320,19.830,Jonas Valanciunas,14.161,32.348,Marvin Williams,9.375,18.006,Nicolas Batum,4.107,28.960,Kemba Walker,15.472,23.864,Cody Zeller,10.796,30.895,PJ Hairston,14.381,18.187,35.529,0.349,11.771,9.403,5.452,4.165,7.190,5.678,7.216,4.044,4.862
111,1.000,TOR,CHA,706.820,7.642,5.340,Luis Scola,5.197,3.395,DeMarre Carroll,2.444,32.999,Kyle Lowry,30.122,36.052,DeMar DeRozan,15.354,20.070,Jonas Valanciunas,14.027,32.258,Marvin Williams,9.160,17.769,Nicolas Batum,4.118,29.207,Kemba Walker,15.285,23.987,Cody Zeller,10.711,30.782,PJ Hairston,14.326,18.357,33.060,0.164,11.271,9.053,6.069,4.030,8.016,6.167,5.601,3.523,4.454
112,1.000,TOR,CHA,706.780,6.854,4.385,Luis Scola,5.196,3.383,DeMarre Carroll,2.590,33.492,Kyle Lowry,29.917,36.334,DeMar DeRozan,15.379,20.321,Jonas Valanciunas,13.892,32.123,Marvin Williams,8.932,17.503,Nicolas Batum,4.116,29.415,Kemba Walker,15.137,24.081,Cody Zeller,10.635,30.680,PJ Hairston,14.271,18.541,30.962,0.323,12.854,8.714,6.304,4.779,8.760,5.214,4.376,3.197,4.816
113,1.000,TOR,CHA,706.740,6.268,3.428,Luis Scola,5.192,3.367,DeMarre Carroll,2.735,33.950,Kyle Lowry,29.721,36.600,DeMar DeRozan,15.381,20.597,Jonas Valanciunas,13.760,32.041,Marvin Williams,8.706,17.205,Nicolas Batum,4.105,29.610,Kemba Walker,14.975,24.189,Cody Zeller,10.552,30.593,PJ Hairston,14.211,18.756,28.060,0.402,12.006,8.261,6.896,3.886,9.353,4.861,4.878,3.002,5.558
114,1.000,TOR,CHA,706.700,6.061,3.299,Luis Scola,5.194,3.355,DeMarre Carroll,2.844,34.385,Kyle Lowry,29.530,36.845,DeMar DeRozan,15.385,20.879,Jonas Valanciunas,13.671,32.001,Marvin Williams,8.519,16.854,Nicolas Batum,4.111,29.813,Kemba Walker,14.856,24.336,Cody Zeller,10.487,30.527,PJ Hairston,14.148,18.971,6.075,0.306,11.193,7.756,7.038,2.429,9.938,5.094,4.727,2.304,5.616
115,1.000,TOR,CHA,706.660,5.974,3.121,Luis Scola,5.195,3.343,DeMarre Carroll,2.921,34.857,Kyle Lowry,29.353,37.082,DeMar DeRozan,15.345,21.143,Jonas Valanciunas,13.559,32.007,Marvin Williams,8.288,16.452,Nicolas Batum,4.132,30.015,Kemba Walker,14.758,24.477,Cody Zeller,10.397,30.449,PJ Hairston,14.069,19.189,4.964,0.293,11.962,7.416,6.679,2.816,11.584,5.081,4.304,2.993,5.787
116,1.000,TOR,CHA,706.620,5.976,3.166,Luis Scola,5.231,3.403,DeMarre Carroll,2.989,35.302,Kyle Lowry,29.185,37.312,DeMar DeRozan,15.370,21.318,Jonas Valanciunas,13.425,31.957,Marvin Williams,8.114,16.061,Nicolas Batum,4.159,30.146,Kemba Walker,14.660,24.612,Cody Zeller,10.325,30.398,PJ Hairston,13.971,19.406,1.115,1.757,11.252,7.100,4.417,3.567,10.698,3.348,4.157,2.199,5.961
117,1.000,TOR,CHA,706.580,5.969,3.307,Luis Scola,5.234,3.392,DeMarre Carroll,3.082,35.704,Kyle Lowry,29.028,37.532,DeMar DeRozan,15.320,21.470,Jonas Valanciunas,13.326,31.980,Marvin Williams,7.926,15.682,Nicolas Batum,4.180,30.244,Kemba Walker,14.574,24.742,Cody Zeller,10.261,30.353,PJ Hairston,13.864,19.633,3.548,0.304,10.330,6.774,4.000,2.533,10.573,2.483,3.905,1.944,6.265
118,1.000,TOR,CHA,706.540,5.983,3.421,Luis Scola,5.243,3.371,DeMarre Carroll,3.144,36.138,Kyle Lowry,28.888,37.738,DeMar DeRozan,15.251,21.674,Jonas Valanciunas,13.243,31.991,Marvin Williams,7.757,15.272,Nicolas Batum,4.179,30.392,Kemba Walker,14.466,24.844,Cody Zeller,10.209,30.313,PJ Hairston,13.772,19.854,2.859,0.567,10.944,6.222,5.402,2.102,11.101,3.716,3.705,1.642,5.985
119,1.000,TOR,CHA,706.500,5.965,3.542,Luis Scola,5.249,3.352,DeMarre Carroll,3.203,36.549,Kyle Lowry,28.765,37.937,DeMar DeRozan,15.253,21.877,Jonas Valanciunas,13.163,32.012,Marvin Williams,7.605,14.818,Nicolas Batum,4.176,30.435,Kemba Walker,14.373,24.929,Cody Zeller,10.151,30.268,PJ Hairston,13.707,20.093,3.050,0.483,10.395,5.846,5.067,2.067,11.957,1.060,3.147,1.829,6.189
120,1.000,TOR,CHA,706.460,5.736,3.836,Luis Scola,5.253,3.334,DeMarre Carroll,3.272,36.949,Kyle Lowry,28.654,38.125,DeMar DeRozan,15.309,22.026,Jonas Valanciunas,13.122,32.014,Marvin Williams,7.459,14.362,Nicolas Batum,4.149,30.535,Kemba Walker,14.317,25.040,Cody Zeller,10.113,30.195,PJ Hairston,13.625,20.346,9.317,0.479,10.147,5.461,3.981,1.029,11.976,2.596,3.109,2.059,6.666
121,1.000,TOR,CHA,706.420,5.681,3.904,Luis Scola,5.260,3.350,DeMarre Carroll,3.371,37.341,Kyle Lowry,28.557,38.305,DeMar DeRozan,15.364,22.166,Jonas Valanciunas,13.047,31.966,Marvin Williams,7.313,13.898,Nicolas Batum,4.129,30.621,Kemba Walker,14.237,25.102,Cody Zeller,10.073,30.141,PJ Hairston,13.545,20.612,2.195,0.441,10.107,5.116,3.773,2.220,12.154,2.199,2.528,1.680,6.924
122,1.000,TOR,CHA,706.380,5.633,4.016,Luis Scola,5.266,3.380,DeMarre Carroll,3.419,37.689,Kyle Lowry,28.474,38.477,DeMar DeRozan,15.458,22.328,Jonas Valanciunas,12.979,31.915,Marvin Williams,7.162,13.407,Nicolas Batum,4.108,30.704,Kemba Walker,14.158,25.156,Cody Zeller,10.013,30.072,PJ Hairston,13.467,20.845,3.048,0.778,8.775,4.757,4.669,2.132,12.846,2.159,2.398,2.279,6.161
123,1.000,TOR,CHA,706.340,5.628,3.888,Luis Scola,5.269,3.404,DeMarre Carroll,3.470,38.013,Kyle Lowry,28.403,38.638,DeMar DeRozan,15.514,22.488,Jonas Valanciunas,12.974,31.858,Marvin Williams,7.031,12.894,Nicolas Batum,4.078,30.729,Kemba Walker,14.080,25.212,Cody Zeller,9.957,29.999,PJ Hairston,13.394,21.049,3.220,0.598,8.193,4.413,4.239,1.424,13.230,0.966,2.394,2.300,5.414
124,1.000,TOR,CHA,706.300,5.703,3.482,Luis Scola,5.290,3.477,DeMarre Carroll,3.580,38.353,Kyle Lowry,28.342,38.784,DeMar DeRozan,15.591,22.588,Jonas Valanciunas,12.954,31.840,Marvin Williams,6.870,12.360,Nicolas Batum,4.063,30.775,Kemba Walker,13.984,25.246,Cody Zeller,9.902,29.923,PJ Hairston,13.314,21.250,10.306,1.907,8.938,3.950,3.159,0.695,13.960,1.210,2.556,2.360,5.398
125,1.000,TOR,CHA,706.260,5.530,3.133,Luis Scola,5.312,3.571,DeMarre Carroll,3.655,38.652,Kyle Lowry,28.298,38.917,DeMar DeRozan,15.736,22.704,Jonas Valanciunas,12.896,31.788,Marvin Williams,6.697,11.844,Nicolas Batum,4.041,30.858,Kemba Walker,13.875,25.269,Cody Zeller,9.845,29.845,PJ Hairston,13.244,21.463,9.742,2.417,7.708,3.510,4.639,1.934,13.591,2.148,2.786,2.404,5.616
126,1.000,TOR,CHA,706.220,5.411,2.716,Luis Scola,5.361,3.663,DeMarre Carroll,3.729,38.942,Kyle Lowry,28.264,39.034,DeMar DeRozan,15.899,22.805,Jonas Valanciunas,12.834,31.734,Marvin Williams,6.609,11.275,Nicolas Batum,4.026,30.940,Kemba Walker,13.745,25.278,Cody Zeller,9.781,29.766,PJ Hairston,13.178,21.664,10.831,2.595,7.480,3.049,4.800,2.059,14.407,2.087,3.264,2.555,5.295
127,1.000,TOR,CHA,706.180,5.406,2.536,Luis Scola,5.421,3.696,DeMarre Carroll,3.760,39.199,Kyle Lowry,28.241,39.138,DeMar DeRozan,16.078,22.853,Jonas Valanciunas,12.761,31.724,Marvin Williams,6.572,10.655,Nicolas Batum,4.016,31.016,Kemba Walker,13.606,25.314,Cody Zeller,9.707,29.683,PJ Hairston,13.120,21.846,4.512,1.696,6.470,2.645,4.615,1.827,15.511,1.893,3.575,2.786,4.770
128,1.000,TOR,CHA,706.140,5.503,2.481,Luis Scola,5.493,3.738,DeMarre Carroll,3.804,39.484,Kyle Lowry,28.236,39.233,DeMar DeRozan,16.288,22.869,Jonas Valanciunas,12.688,31.659,Marvin Williams,6.544,10.044,Nicolas Batum,4.020,31.101,Kemba Walker,13.477,25.294,Cody Zeller,9.638,29.589,PJ Hairston,13.057,22.004,2.772,2.098,7.212,2.376,5.272,2.445,15.309,2.134,3.275,2.891,4.244
129,1.000,TOR,CHA,706.100,5.678,2.967,Luis Scola,5.542,3.853,DeMarre Carroll,3.897,39.758,Kyle Lowry,28.244,39.317,DeMar DeRozan,16.509,22.863,Jonas Valanciunas,12.577,31.552,Marvin Williams,6.485,9.456,Nicolas Batum,4.030,31.181,Kemba Walker,13.328,25.293,Cody Zeller,9.560,29.482,PJ Hairston,13.000,22.148,12.912,3.112,7.245,2.112,5.519,3.852,14.771,2.025,3.723,3.315,3.871
130,1.000,TOR,CHA,706.060,5.835,3.222,Luis Scola,5.591,3.957,DeMarre Carroll,4.001,39.961,Kyle Lowry,28.260,39.380,DeMar DeRozan,16.746,22.834,Jonas Valanciunas,12.480,31.414,Marvin Williams,6.425,8.868,Nicolas Batum,4.038,31.255,Kemba Walker,13.169,25.282,Cody Zeller,9.497,29.398,PJ Hairston,12.962,22.284,7.491,2.884,5.694,1.626,5.986,4.219,14.768,1.855,3.976,2.642,3.525
131,1.000,TOR,CHA,706.020,5.829,3.601,Luis Scola,5.642,4.034,DeMarre Carroll,4.100,40.160,Kyle Lowry,28.288,39.429,DeMar DeRozan,16.984,22.863,Jonas Valanciunas,12.382,31.250,Marvin Williams,6.362,8.285,Nicolas Batum,4.050,31.400,Kemba Walker,13.010,25.267,Cody Zeller,9.436,29.308,PJ Hairston,12.952,22.391,9.469,2.309,5.553,1.407,6.000,4.775,14.661,3.631,3.987,2.705,2.704
132,1.000,TOR,CHA,705.980,5.491,3.971,Luis Scola,5.660,4.145,DeMarre Carroll,4.180,40.393,Kyle Lowry,28.325,39.464,DeMar DeRozan,17.238,22.889,Jonas Valanciunas,12.236,31.092,Marvin Williams,6.336,7.677,Nicolas Batum,4.064,31.544,Kemba Walker,12.853,25.252,Cody Zeller,9.377,29.227,PJ Hairston,12.969,22.485,12.528,2.827,6.165,1.274,6.360,5.370,15.227,3.635,3.955,2.502,2.388
133,1.000,TOR,CHA,705.940,5.069,4.093,Luis Scola,5.668,4.231,DeMarre Carroll,4.272,40.572,Kyle Lowry,28.367,39.488,DeMar DeRozan,17.514,22.838,Jonas Valanciunas,12.075,30.926,Marvin Williams,6.311,7.114,Nicolas Batum,4.089,31.623,Kemba Walker,12.725,25.254,Cody Zeller,9.321,29.163,PJ Hairston,13.020,22.617,10.993,2.141,5.021,1.214,7.014,5.800,14.077,2.068,3.205,2.125,3.529
134,1.000,TOR,CHA,705.900,4.591,3.983,Luis Scola,5.730,4.288,DeMarre Carroll,4.343,40.791,Kyle Lowry,28.411,39.501,DeMar DeRozan,17.797,22.776,Jonas Valanciunas,11.897,30.738,Marvin Williams,6.278,6.609,Nicolas Batum,4.111,31.761,Kemba Walker,12.584,25.253,Cody Zeller,9.268,29.115,PJ Hairston,13.042,22.714,12.258,2.111,5.761,1.151,7.251,6.464,12.658,3.474,3.514,1.789,2.492
135,1.000,TOR,CHA,705.860,4.105,3.754,Luis Scola,5.819,4.328,DeMarre Carroll,4.419,40.997,Kyle Lowry,28.465,39.508,DeMar DeRozan,18.077,22.792,Jonas Valanciunas,11.713,30.544,Marvin Williams,6.250,6.159,Nicolas Batum,4.143,31.825,Kemba Walker,12.400,25.197,Cody Zeller,9.174,29.047,PJ Hairston,13.093,22.796,13.423,2.444,5.489,1.356,7.025,6.674,11.280,1.796,4.817,2.914,2.422
136,1.000,TOR,CHA,705.820,3.740,3.562,Luis Scola,5.886,4.349,DeMarre Carroll,4.502,41.185,Kyle Lowry,28.523,39.505,DeMar DeRozan,18.338,22.769,Jonas Valanciunas,11.573,30.402,Marvin Williams,6.218,5.752,Nicolas Batum,4.178,31.879,Kemba Walker,12.222,25.165,Cody Zeller,9.110,29.043,PJ Hairston,13.157,22.866,10.309,1.734,5.129,1.456,6.541,4.987,10.195,1.621,4.500,1.583,2.355
137,1.000,TOR,CHA,705.780,3.538,3.462,Luis Scola,5.967,4.350,DeMarre Carroll,4.590,41.364,Kyle Lowry,28.580,39.494,DeMar DeRozan,18.606,22.728,Jonas Valanciunas,11.420,30.262,Marvin Williams,6.181,5.388,Nicolas Batum,4.208,31.941,Kemba Walker,12.033,25.122,Cody Zeller,9.053,29.058,PJ Hairston,13.223,22.932,5.641,2.039,5.005,1.453,6.767,5.193,9.141,1.707,4.855,1.492,2.334
138,1.000,TOR,CHA,705.740,3.475,3.493,Luis Scola,6.022,4.397,DeMarre Carroll,4.682,41.534,Kyle Lowry,28.637,39.474,DeMar DeRozan,18.881,22.678,Jonas Valanciunas,11.223,30.087,Marvin Williams,6.138,5.087,Nicolas Batum,4.236,32.052,Kemba Walker,11.834,25.065,Cody Zeller,8.986,29.076,PJ Hairston,13.302,23.008,1.767,1.815,4.817,1.499,7.002,6.583,7.619,2.867,5.177,1.735,2.755
139,1.000,TOR,CHA,705.700,3.370,3.540,Luis Scola,6.075,4.414,DeMarre Carroll,4.773,41.701,Kyle Lowry,28.695,39.453,DeMar DeRozan,19.162,22.609,Jonas Valanciunas,11.018,29.921,Marvin Williams,6.166,4.849,Nicolas Batum,4.269,32.162,Kemba Walker,11.650,25.016,Cody Zeller,8.910,29.080,PJ Hairston,13.389,23.062,2.879,1.386,4.763,1.550,7.219,6.605,5.966,2.870,4.759,1.884,2.549
140,1.000,TOR,CHA,705.660,3.225,3.601,Luis Scola,6.124,4.418,DeMarre Carroll,4.864,41.874,Kyle Lowry,28.755,39.433,DeMar DeRozan,19.420,22.488,Jonas Valanciunas,10.854,29.794,Marvin Williams,6.226,4.632,Nicolas Batum,4.303,32.215,Kemba Walker,11.486,24.971,Cody Zeller,8.825,29.064,PJ Hairston,13.479,23.099,3.924,1.251,4.893,1.575,7.137,5.179,5.651,1.572,4.266,2.156,2.450
141,1.000,TOR,CHA,705.620,3.047,3.676,Luis Scola,6.150,4.418,DeMarre Carroll,4.961,42.049,Kyle Lowry,28.811,39.414,DeMar DeRozan,19.681,22.366,Jonas Valanciunas,10.694,29.670,Marvin Williams,6.258,4.455,Nicolas Batum,4.337,32.260,Kemba Walker,11.348,24.950,Cody Zeller,8.734,29.036,PJ Hairston,13.572,23.125,4.829,0.643,4.994,1.470,7.197,5.056,4.484,1.422,3.478,2.387,2.399
142,1.000,TOR,CHA,705.580,2.842,3.766,Luis Scola,6.126,4.537,DeMarre Carroll,5.059,42.218,Kyle Lowry,28.864,39.398,DeMar DeRozan,19.984,22.296,Jonas Valanciunas,10.536,29.553,Marvin Williams,6.227,4.415,Nicolas Batum,4.360,32.307,Kemba Walker,11.201,24.917,Cody Zeller,8.636,28.990,PJ Hairston,13.664,23.134,5.592,3.031,4.891,1.396,7.789,4.920,1.264,1.306,3.757,2.699,2.320
143,1.000,TOR,CHA,705.540,2.555,3.900,Luis Scola,6.079,4.680,DeMarre Carroll,5.155,42.379,Kyle Lowry,28.911,39.381,DeMar DeRozan,20.290,22.225,Jonas Valanciunas,10.407,29.428,Marvin Williams,6.222,4.384,Nicolas Batum,4.378,32.337,Kemba Walker,11.068,24.905,Cody Zeller,8.540,28.923,PJ Hairston,13.766,23.148,7.921,3.767,4.681,1.242,7.854,4.487,0.775,0.873,3.337,2.956,2.577
144,1.000,TOR,CHA,705.500,2.446,3.850,Luis Scola,6.021,4.808,DeMarre Carroll,5.251,42.537,Kyle Lowry,28.950,39.364,DeMar DeRozan,20.594,22.147,Jonas Valanciunas,10.261,29.326,Marvin Williams,6.222,4.404,Nicolas Batum,4.382,32.363,Kemba Walker,10.963,24.890,Cody Zeller,8.443,28.851,PJ Hairston,13.871,23.158,2.995,3.512,4.629,1.079,7.845,4.460,0.490,0.644,2.654,3.014,2.624
145,1.000,TOR,CHA,705.460,2.382,3.869,Luis Scola,5.941,5.001,DeMarre Carroll,5.351,42.694,Kyle Lowry,28.984,39.349,DeMar DeRozan,20.915,22.048,Jonas Valanciunas,10.105,29.249,Marvin Williams,6.212,4.405,Nicolas Batum,4.387,32.390,Kemba Walker,10.882,24.890,Cody Zeller,8.346,28.775,PJ Hairston,13.970,23.168,1.655,5.228,4.636,0.920,8.385,4.336,0.259,0.691,2.045,3.063,2.501
146,1.000,TOR,CHA,705.420,2.329,3.921,Luis Scola,5.841,5.204,DeMarre Carroll,5.448,42.846,Kyle Lowry,29.009,39.332,DeMar DeRozan,21.242,21.933,Jonas Valanciunas,9.973,29.244,Marvin Williams,6.241,4.501,Nicolas Batum,4.395,32.399,Kemba Walker,10.831,24.918,Cody Zeller,8.245,28.688,PJ Hairston,14.066,23.174,1.872,5.653,4.523,0.751,8.671,3.317,2.506,0.300,1.435,3.349,2.382
147,1.000,TOR,CHA,705.380,2.292,4.004,Luis Scola,5.768,5.398,DeMarre Carroll,5.546,42.994,Kyle Lowry,29.030,39.321,DeMar DeRozan,21.573,21.807,Jonas Valanciunas,9.851,29.191,Marvin Williams,6.247,4.651,Nicolas Batum,4.400,32.408,Kemba Walker,10.797,24.952,Cody Zeller,8.139,28.584,PJ Hairston,14.146,23.180,2.268,5.183,4.446,0.600,8.856,3.321,3.760,0.260,1.210,3.701,2.014
148,1.000,TOR,CHA,705.340,2.278,4.114,Luis Scola,5.709,5.589,DeMarre Carroll,5.641,43.142,Kyle Lowry,29.052,39.310,DeMar DeRozan,21.918,21.690,Jonas Valanciunas,9.753,29.145,Marvin Williams,6.253,4.867,Nicolas Batum,4.403,32.427,Kemba Walker,10.762,24.985,Cody Zeller,8.023,28.465,PJ Hairston,14.160,23.116,2.765,5.000,4.382,0.623,9.092,2.706,5.386,0.468,1.207,4.149,1.636
149,1.000,TOR,CHA,705.300,2.285,4.396,Luis Scola,5.628,5.875,DeMarre Carroll,5.734,43.286,Kyle Lowry,29.070,39.296,DeMar DeRozan,22.246,21.647,Jonas Valanciunas,9.671,29.116,Marvin Williams,6.250,5.049,Nicolas Batum,4.406,32.446,Kemba Walker,10.752,25.029,Cody Zeller,7.897,28.334,PJ Hairston,14.198,23.085,7.056,7.420,4.283,0.558,8.267,2.176,4.562,0.482,1.129,4.546,1.224
